employee_id,country_code,business_unit,job_family,career_level,employment_type,hire_date,termination_date,termination_type,regretted_exit,source_system,record_updated_at,country_code_original,career_level_original,valid_employment_dates,retention_eligible,headcount_eligible,regretted_turnover_eligible,country_analysis_eligible,is_senior_assumed,regretted_classification,mature_6m_as_of,mature_12m_as_of,quality_flags,source_csv_line
ACP000159,BG,Digital,Product,Individual Contributor,Permanent,,,,,HCM_A,2025-12-23,BG,Individual Contributor,false,false,false,false,false,false,not_applicable,false,false,missing_hire_date,160
ACP000206,GR,Sales,Key Accounts,Individual Contributor,Fixed Term,2023-10-04,2023-09-24,Voluntary,true,HCM_A,2025-12-22,GR,Individual Contributor,false,false,false,false,false,false,true,false,false,termination_before_hire,207
ACP000560,RO,Supply Chain,Manufacturing,Individual Contributor,Permanent,,2024-04-27,Voluntary,false,HCM_B,2025-12-28,RO,Individual Contributor,false,false,false,false,false,false,false,false,false,missing_hire_date,561
ACP000607,PL,Finance,FP&A,Individual Contributor,Permanent,2024-04-09,2024-03-24,Voluntary,false,HCM_A,2025-12-27,PL,Individual Contributor,false,false,false,false,false,false,false,false,false,termination_before_hire,608
ACP000961,BG,Finance,Controls,Senior Leader,Permanent,,,,,HCM_A,2025-12-21,BG,Senior Leader,false,false,false,false,false,true,not_applicable,false,false,missing_hire_date,962
ACP001008,IE,Digital,Software,Manager,Permanent,2023-09-22,2023-08-31,Voluntary,true,HCM_A,2025-12-20,IE,Manager,false,false,false,false,false,false,true,false,false,termination_before_hire,1009
ACP001362,PL,Sales,Key Accounts,Individual Contributor,Permanent,,,,,HCM_A,2025-12-26,PL,Individual Contributor,false,false,false,false,false,false,not_applicable,false,false,missing_hire_date,1363
ACP001409,GR,Supply Chain,Manufacturing,Individual Contributor,Permanent,2021-09-07,2021-08-10,Voluntary,false,HCM_A,2025-12-25,GR,Individual Contributor,false,false,false,false,false,false,false,false,false,termination_before_hire,1410
ACP001763,IT,Supply Chain,Manufacturing,Senior Leader,Permanent,,,,,HCM_A,2025-12-31,IT,Senior Leader,false,false,false,false,false,true,not_applicable,false,false,missing_hire_date,1764
ACP001810,BG,Supply Chain,Procurement,Individual Contributor,Fixed Term,2023-02-25,2023-01-22,Voluntary,true,HCM_B,2025-12-30,BG,Individual Contributor,false,false,false,false,false,false,true,false,false,termination_before_hire,1811
