source_csv_line,employee_id,issue,action
74,ACP000073,country_alias_mapped,retain_with_flag
90,ACP000089,termination_type_unknown,retain_with_flag
90,ACP000089,regretted_classification_unknown,retain_with_flag
103,ACP000102,seniority_mapping_assumed,retain_with_flag
121,ACP000120,missing_or_unknown_country,retain_with_flag
160,ACP000159,missing_hire_date,quarantine_from_date_based_metrics
207,ACP000206,termination_before_hire,quarantine_from_date_based_metrics
268,ACP000267,termination_type_unknown,retain_with_flag
268,ACP000267,regretted_classification_unknown,retain_with_flag
335,ACP000334,seniority_mapping_assumed,retain_with_flag
369,ACP000368,missing_or_unknown_country,retain_with_flag
406,ACP000405,country_alias_mapped,retain_with_flag
446,ACP000445,termination_type_unknown,retain_with_flag
446,ACP000445,regretted_classification_unknown,retain_with_flag
535,ACP000534,regretted_classification_unknown,retain_with_flag
561,ACP000560,missing_hire_date,quarantine_from_date_based_metrics
567,ACP000566,seniority_mapping_assumed,retain_with_flag
608,ACP000607,termination_before_hire,quarantine_from_date_based_metrics
617,ACP000616,missing_or_unknown_country,retain_with_flag
624,ACP000623,termination_type_unknown,retain_with_flag
624,ACP000623,regretted_classification_unknown,retain_with_flag
738,ACP000737,country_alias_mapped,retain_with_flag
799,ACP000798,seniority_mapping_assumed,retain_with_flag
802,ACP000801,termination_type_unknown,retain_with_flag
802,ACP000801,regretted_classification_unknown,retain_with_flag
865,ACP000864,missing_or_unknown_country,retain_with_flag
962,ACP000961,missing_hire_date,quarantine_from_date_based_metrics
980,ACP000979,termination_type_unknown,retain_with_flag
980,ACP000979,regretted_classification_unknown,retain_with_flag
1009,ACP001008,termination_before_hire,quarantine_from_date_based_metrics
1031,ACP001030,seniority_mapping_assumed,retain_with_flag
1069,ACP001068,regretted_classification_unknown,retain_with_flag
1070,ACP001069,country_alias_mapped,retain_with_flag
1113,ACP001112,missing_or_unknown_country,retain_with_flag
1158,ACP001157,termination_type_unknown,retain_with_flag
1158,ACP001157,regretted_classification_unknown,retain_with_flag
1263,ACP001262,seniority_mapping_assumed,retain_with_flag
1336,ACP001335,termination_type_unknown,retain_with_flag
1336,ACP001335,regretted_classification_unknown,retain_with_flag
1361,ACP001360,missing_or_unknown_country,retain_with_flag
1363,ACP001362,missing_hire_date,quarantine_from_date_based_metrics
1402,ACP001401,country_alias_mapped,retain_with_flag
1410,ACP001409,termination_before_hire,quarantine_from_date_based_metrics
1495,ACP001494,seniority_mapping_assumed,retain_with_flag
1514,ACP001513,termination_type_unknown,retain_with_flag
1514,ACP001513,regretted_classification_unknown,retain_with_flag
1609,ACP001608,missing_or_unknown_country,retain_with_flag
1692,ACP001691,termination_type_unknown,retain_with_flag
1692,ACP001691,regretted_classification_unknown,retain_with_flag
1727,ACP001726,seniority_mapping_assumed,retain_with_flag
1734,ACP001733,country_alias_mapped,retain_with_flag
1764,ACP001763,missing_hire_date,quarantine_from_date_based_metrics
1811,ACP001810,termination_before_hire,quarantine_from_date_based_metrics
1857,ACP001856,missing_or_unknown_country,retain_with_flag
1870,ACP001869,termination_type_unknown,retain_with_flag
1870,ACP001869,regretted_classification_unknown,retain_with_flag
1959,ACP001958,seniority_mapping_assumed,retain_with_flag
2048,ACP002047,termination_type_unknown,retain_with_flag
2066,ACP002065,country_alias_mapped,retain_with_flag
2105,ACP002104,missing_or_unknown_country,retain_with_flag
2191,ACP002190,seniority_mapping_assumed,retain_with_flag
2226,ACP002225,termination_type_unknown,retain_with_flag
2226,ACP002225,regretted_classification_unknown,retain_with_flag
2322,ACP002321,country_alias_mapped,retain_with_flag
2402,ACP000045,exact_duplicate_removed,exclude_duplicate_copy
2403,ACP000389,exact_duplicate_removed,exclude_duplicate_copy
2404,ACP000723,exact_duplicate_removed,exclude_duplicate_copy
2405,ACP001056,exact_duplicate_removed,exclude_duplicate_copy
2406,ACP001400,exact_duplicate_removed,exclude_duplicate_copy
2407,ACP001745,exact_duplicate_removed,exclude_duplicate_copy
2408,ACP002112,exact_duplicate_removed,exclude_duplicate_copy
