source_csv_line,employee_id,field,original,corrected,source_sha256
74,ACP000073,country_code,EL,IE,520ffd9ed6cb8bb620f1ff2baf3712ca6fabc4c32031cb4d5da99f4b5a7581e9
90,ACP000089,termination_date,2022-01-05,,520ffd9ed6cb8bb620f1ff2baf3712ca6fabc4c32031cb4d5da99f4b5a7581e9
103,ACP000102,career_level,Sr Mgmt,Manager,520ffd9ed6cb8bb620f1ff2baf3712ca6fabc4c32031cb4d5da99f4b5a7581e9
121,ACP000120,country_code,,GR,520ffd9ed6cb8bb620f1ff2baf3712ca6fabc4c32031cb4d5da99f4b5a7581e9
160,ACP000159,hire_date,,2025-01-18,520ffd9ed6cb8bb620f1ff2baf3712ca6fabc4c32031cb4d5da99f4b5a7581e9
207,ACP000206,termination_date,2023-09-24,,520ffd9ed6cb8bb620f1ff2baf3712ca6fabc4c32031cb4d5da99f4b5a7581e9
207,ACP000206,termination_type,Voluntary,,520ffd9ed6cb8bb620f1ff2baf3712ca6fabc4c32031cb4d5da99f4b5a7581e9
207,ACP000206,regretted_exit,true,,520ffd9ed6cb8bb620f1ff2baf3712ca6fabc4c32031cb4d5da99f4b5a7581e9
268,ACP000267,termination_date,2023-11-26,,520ffd9ed6cb8bb620f1ff2baf3712ca6fabc4c32031cb4d5da99f4b5a7581e9
335,ACP000334,career_level,Sr Mgmt,Manager,520ffd9ed6cb8bb620f1ff2baf3712ca6fabc4c32031cb4d5da99f4b5a7581e9
369,ACP000368,country_code,,GR,520ffd9ed6cb8bb620f1ff2baf3712ca6fabc4c32031cb4d5da99f4b5a7581e9
406,ACP000405,country_code,ROM,IE,520ffd9ed6cb8bb620f1ff2baf3712ca6fabc4c32031cb4d5da99f4b5a7581e9
446,ACP000445,termination_date,2022-05-31,,520ffd9ed6cb8bb620f1ff2baf3712ca6fabc4c32031cb4d5da99f4b5a7581e9
535,ACP000534,regretted_exit,,true,520ffd9ed6cb8bb620f1ff2baf3712ca6fabc4c32031cb4d5da99f4b5a7581e9
561,ACP000560,hire_date,,2021-06-11,520ffd9ed6cb8bb620f1ff2baf3712ca6fabc4c32031cb4d5da99f4b5a7581e9
567,ACP000566,career_level,Sr Mgmt,Individual Contributor,520ffd9ed6cb8bb620f1ff2baf3712ca6fabc4c32031cb4d5da99f4b5a7581e9
608,ACP000607,termination_date,2024-03-24,,520ffd9ed6cb8bb620f1ff2baf3712ca6fabc4c32031cb4d5da99f4b5a7581e9
608,ACP000607,termination_type,Voluntary,,520ffd9ed6cb8bb620f1ff2baf3712ca6fabc4c32031cb4d5da99f4b5a7581e9
608,ACP000607,regretted_exit,false,,520ffd9ed6cb8bb620f1ff2baf3712ca6fabc4c32031cb4d5da99f4b5a7581e9
617,ACP000616,country_code,,GR,520ffd9ed6cb8bb620f1ff2baf3712ca6fabc4c32031cb4d5da99f4b5a7581e9
624,ACP000623,termination_date,2025-12-04,,520ffd9ed6cb8bb620f1ff2baf3712ca6fabc4c32031cb4d5da99f4b5a7581e9
738,ACP000737,country_code,EL,IT,520ffd9ed6cb8bb620f1ff2baf3712ca6fabc4c32031cb4d5da99f4b5a7581e9
799,ACP000798,career_level,Sr Mgmt,Individual Contributor,520ffd9ed6cb8bb620f1ff2baf3712ca6fabc4c32031cb4d5da99f4b5a7581e9
802,ACP000801,termination_date,2025-04-24,,520ffd9ed6cb8bb620f1ff2baf3712ca6fabc4c32031cb4d5da99f4b5a7581e9
865,ACP000864,country_code,,GR,520ffd9ed6cb8bb620f1ff2baf3712ca6fabc4c32031cb4d5da99f4b5a7581e9
962,ACP000961,hire_date,,2020-11-14,520ffd9ed6cb8bb620f1ff2baf3712ca6fabc4c32031cb4d5da99f4b5a7581e9
980,ACP000979,termination_date,2021-10-12,,520ffd9ed6cb8bb620f1ff2baf3712ca6fabc4c32031cb4d5da99f4b5a7581e9
1009,ACP001008,termination_date,2023-08-31,2023-11-04,520ffd9ed6cb8bb620f1ff2baf3712ca6fabc4c32031cb4d5da99f4b5a7581e9
1009,ACP001008,termination_type,Voluntary,End of Contract,520ffd9ed6cb8bb620f1ff2baf3712ca6fabc4c32031cb4d5da99f4b5a7581e9
1009,ACP001008,regretted_exit,true,false,520ffd9ed6cb8bb620f1ff2baf3712ca6fabc4c32031cb4d5da99f4b5a7581e9
1031,ACP001030,career_level,Sr Mgmt,Manager,520ffd9ed6cb8bb620f1ff2baf3712ca6fabc4c32031cb4d5da99f4b5a7581e9
1069,ACP001068,regretted_exit,,true,520ffd9ed6cb8bb620f1ff2baf3712ca6fabc4c32031cb4d5da99f4b5a7581e9
1070,ACP001069,country_code,ROM,IT,520ffd9ed6cb8bb620f1ff2baf3712ca6fabc4c32031cb4d5da99f4b5a7581e9
1113,ACP001112,country_code,,IE,520ffd9ed6cb8bb620f1ff2baf3712ca6fabc4c32031cb4d5da99f4b5a7581e9
1158,ACP001157,termination_date,2020-07-08,,520ffd9ed6cb8bb620f1ff2baf3712ca6fabc4c32031cb4d5da99f4b5a7581e9
1263,ACP001262,career_level,Sr Mgmt,Senior Leader,520ffd9ed6cb8bb620f1ff2baf3712ca6fabc4c32031cb4d5da99f4b5a7581e9
1336,ACP001335,termination_date,2024-04-26,,520ffd9ed6cb8bb620f1ff2baf3712ca6fabc4c32031cb4d5da99f4b5a7581e9
1361,ACP001360,country_code,,RO,520ffd9ed6cb8bb620f1ff2baf3712ca6fabc4c32031cb4d5da99f4b5a7581e9
1363,ACP001362,hire_date,,2024-09-30,520ffd9ed6cb8bb620f1ff2baf3712ca6fabc4c32031cb4d5da99f4b5a7581e9
1402,ACP001401,country_code,EL,BG,520ffd9ed6cb8bb620f1ff2baf3712ca6fabc4c32031cb4d5da99f4b5a7581e9
1410,ACP001409,termination_date,2021-08-10,2022-01-19,520ffd9ed6cb8bb620f1ff2baf3712ca6fabc4c32031cb4d5da99f4b5a7581e9
1410,ACP001409,regretted_exit,false,true,520ffd9ed6cb8bb620f1ff2baf3712ca6fabc4c32031cb4d5da99f4b5a7581e9
1495,ACP001494,career_level,Sr Mgmt,Manager,520ffd9ed6cb8bb620f1ff2baf3712ca6fabc4c32031cb4d5da99f4b5a7581e9
1514,ACP001513,termination_date,2022-01-02,,520ffd9ed6cb8bb620f1ff2baf3712ca6fabc4c32031cb4d5da99f4b5a7581e9
1609,ACP001608,country_code,,IE,520ffd9ed6cb8bb620f1ff2baf3712ca6fabc4c32031cb4d5da99f4b5a7581e9
1692,ACP001691,termination_date,2024-04-27,,520ffd9ed6cb8bb620f1ff2baf3712ca6fabc4c32031cb4d5da99f4b5a7581e9
1727,ACP001726,career_level,Sr Mgmt,Individual Contributor,520ffd9ed6cb8bb620f1ff2baf3712ca6fabc4c32031cb4d5da99f4b5a7581e9
1734,ACP001733,country_code,ROM,GR,520ffd9ed6cb8bb620f1ff2baf3712ca6fabc4c32031cb4d5da99f4b5a7581e9
1764,ACP001763,hire_date,,2024-09-02,520ffd9ed6cb8bb620f1ff2baf3712ca6fabc4c32031cb4d5da99f4b5a7581e9
1811,ACP001810,termination_date,2023-01-22,,520ffd9ed6cb8bb620f1ff2baf3712ca6fabc4c32031cb4d5da99f4b5a7581e9
1811,ACP001810,termination_type,Voluntary,,520ffd9ed6cb8bb620f1ff2baf3712ca6fabc4c32031cb4d5da99f4b5a7581e9
1811,ACP001810,regretted_exit,true,,520ffd9ed6cb8bb620f1ff2baf3712ca6fabc4c32031cb4d5da99f4b5a7581e9
1857,ACP001856,country_code,,RO,520ffd9ed6cb8bb620f1ff2baf3712ca6fabc4c32031cb4d5da99f4b5a7581e9
1870,ACP001869,termination_date,2021-01-03,,520ffd9ed6cb8bb620f1ff2baf3712ca6fabc4c32031cb4d5da99f4b5a7581e9
1959,ACP001958,career_level,Sr Mgmt,Manager,520ffd9ed6cb8bb620f1ff2baf3712ca6fabc4c32031cb4d5da99f4b5a7581e9
2048,ACP002047,termination_type,,Voluntary,520ffd9ed6cb8bb620f1ff2baf3712ca6fabc4c32031cb4d5da99f4b5a7581e9
2066,ACP002065,country_code,EL,GR,520ffd9ed6cb8bb620f1ff2baf3712ca6fabc4c32031cb4d5da99f4b5a7581e9
2105,ACP002104,country_code,,GR,520ffd9ed6cb8bb620f1ff2baf3712ca6fabc4c32031cb4d5da99f4b5a7581e9
2191,ACP002190,career_level,Sr Mgmt,Manager,520ffd9ed6cb8bb620f1ff2baf3712ca6fabc4c32031cb4d5da99f4b5a7581e9
2226,ACP002225,termination_date,2023-05-08,,520ffd9ed6cb8bb620f1ff2baf3712ca6fabc4c32031cb4d5da99f4b5a7581e9
2322,ACP002321,country_code,ROM,GR,520ffd9ed6cb8bb620f1ff2baf3712ca6fabc4c32031cb4d5da99f4b5a7581e9
