indicator,hire_year,records,matched
unemployment,2021,419,157
unemployment,2022,397,107
unemployment,2023,396,299
unemployment,2024,436,365
unemployment,2025,337,337
inflation,2021,419,419
inflation,2022,397,397
inflation,2023,396,396
inflation,2024,436,436
inflation,2025,337,337
vacancies,2021,419,0
vacancies,2022,397,0
vacancies,2023,396,0
vacancies,2024,436,0
vacancies,2025,337,0
vacancies_bf_supplementary,2021,419,123
vacancies_bf_supplementary,2022,397,340
vacancies_bf_supplementary,2023,396,346
vacancies_bf_supplementary,2024,436,436
vacancies_bf_supplementary,2025,337,337
