date,headcount
2025-01-01,1549
2025-01-02,1549
2025-01-03,1550
2025-01-04,1552
2025-01-05,1552
2025-01-06,1550
2025-01-07,1551
2025-01-08,1551
2025-01-09,1553
2025-01-10,1553
2025-01-11,1551
2025-01-12,1550
2025-01-13,1549
2025-01-14,1550
2025-01-15,1552
2025-01-16,1552
2025-01-17,1551
2025-01-18,1553
2025-01-19,1554
2025-01-20,1552
2025-01-21,1553
2025-01-22,1553
2025-01-23,1552
2025-01-24,1551
2025-01-25,1551
2025-01-26,1551
2025-01-27,1552
2025-01-28,1552
2025-01-29,1550
2025-01-30,1551
2025-01-31,1552
2025-02-01,1552
2025-02-02,1552
2025-02-03,1552
2025-02-04,1552
2025-02-05,1553
2025-02-06,1553
2025-02-07,1553
2025-02-08,1555
2025-02-09,1554
2025-02-10,1554
2025-02-11,1554
2025-02-12,1554
2025-02-13,1556
2025-02-14,1557
2025-02-15,1557
2025-02-16,1559
2025-02-17,1560
2025-02-18,1562
2025-02-19,1562
2025-02-20,1562
2025-02-21,1562
2025-02-22,1563
2025-02-23,1564
2025-02-24,1565
2025-02-25,1566
2025-02-26,1567
2025-02-27,1568
2025-02-28,1571
2025-03-01,1571
2025-03-02,1574
2025-03-03,1575
2025-03-04,1575
2025-03-05,1575
2025-03-06,1575
2025-03-07,1576
2025-03-08,1577
2025-03-09,1576
2025-03-10,1577
2025-03-11,1577
2025-03-12,1577
2025-03-13,1577
2025-03-14,1576
2025-03-15,1578
2025-03-16,1579
2025-03-17,1579
2025-03-18,1578
2025-03-19,1577
2025-03-20,1577
2025-03-21,1577
2025-03-22,1576
2025-03-23,1579
2025-03-24,1580
2025-03-25,1580
2025-03-26,1580
2025-03-27,1580
2025-03-28,1582
2025-03-29,1583
2025-03-30,1583
2025-03-31,1584
2025-04-01,1585
2025-04-02,1584
2025-04-03,1585
2025-04-04,1586
2025-04-05,1588
2025-04-06,1592
2025-04-07,1592
2025-04-08,1594
2025-04-09,1593
2025-04-10,1593
2025-04-11,1593
2025-04-12,1595
2025-04-13,1593
2025-04-14,1594
2025-04-15,1594
2025-04-16,1594
2025-04-17,1597
2025-04-18,1597
2025-04-19,1597
2025-04-20,1597
2025-04-21,1597
2025-04-22,1598
2025-04-23,1598
2025-04-24,1598
2025-04-25,1599
2025-04-26,1599
2025-04-27,1601
2025-04-28,1603
2025-04-29,1602
2025-04-30,1604
2025-05-01,1605
2025-05-02,1604
2025-05-03,1607
2025-05-04,1607
2025-05-05,1607
2025-05-06,1608
2025-05-07,1608
2025-05-08,1609
2025-05-09,1610
2025-05-10,1610
2025-05-11,1611
2025-05-12,1609
2025-05-13,1610
2025-05-14,1609
2025-05-15,1610
2025-05-16,1610
2025-05-17,1612
2025-05-18,1612
2025-05-19,1612
2025-05-20,1613
2025-05-21,1614
2025-05-22,1615
2025-05-23,1615
2025-05-24,1615
2025-05-25,1614
2025-05-26,1615
2025-05-27,1616
2025-05-28,1617
2025-05-29,1618
2025-05-30,1620
2025-05-31,1622
2025-06-01,1622
2025-06-02,1621
2025-06-03,1622
2025-06-04,1621
2025-06-05,1621
2025-06-06,1623
2025-06-07,1623
2025-06-08,1624
2025-06-09,1624
2025-06-10,1623
2025-06-11,1623
2025-06-12,1623
2025-06-13,1623
2025-06-14,1626
2025-06-15,1626
2025-06-16,1626
2025-06-17,1627
2025-06-18,1631
2025-06-19,1630
2025-06-20,1626
2025-06-21,1626
2025-06-22,1626
2025-06-23,1626
2025-06-24,1626
2025-06-25,1625
2025-06-26,1625
2025-06-27,1627
2025-06-28,1627
2025-06-29,1627
2025-06-30,1626
2025-07-01,1626
2025-07-02,1627
2025-07-03,1628
2025-07-04,1628
2025-07-05,1628
2025-07-06,1630
2025-07-07,1630
2025-07-08,1631
2025-07-09,1633
2025-07-10,1633
2025-07-11,1635
2025-07-12,1636
2025-07-13,1637
2025-07-14,1639
2025-07-15,1640
2025-07-16,1641
2025-07-17,1642
2025-07-18,1643
2025-07-19,1644
2025-07-20,1644
2025-07-21,1645
2025-07-22,1645
2025-07-23,1644
2025-07-24,1645
2025-07-25,1644
2025-07-26,1644
2025-07-27,1644
2025-07-28,1645
2025-07-29,1648
2025-07-30,1647
2025-07-31,1647
2025-08-01,1649
2025-08-02,1650
2025-08-03,1651
2025-08-04,1654
2025-08-05,1654
2025-08-06,1653
2025-08-07,1651
2025-08-08,1650
2025-08-09,1652
2025-08-10,1654
2025-08-11,1654
2025-08-12,1654
2025-08-13,1657
2025-08-14,1657
2025-08-15,1659
2025-08-16,1658
2025-08-17,1659
2025-08-18,1659
2025-08-19,1660
2025-08-20,1660
2025-08-21,1656
2025-08-22,1655
2025-08-23,1656
2025-08-24,1657
2025-08-25,1655
2025-08-26,1657
2025-08-27,1658
2025-08-28,1658
2025-08-29,1657
2025-08-30,1658
2025-08-31,1658
2025-09-01,1659
2025-09-02,1659
2025-09-03,1661
2025-09-04,1660
2025-09-05,1662
2025-09-06,1663
2025-09-07,1663
2025-09-08,1665
2025-09-09,1665
2025-09-10,1665
2025-09-11,1665
2025-09-12,1663
2025-09-13,1664
2025-09-14,1665
2025-09-15,1666
2025-09-16,1669
2025-09-17,1669
2025-09-18,1670
2025-09-19,1667
2025-09-20,1668
2025-09-21,1669
2025-09-22,1670
2025-09-23,1669
2025-09-24,1667
2025-09-25,1666
2025-09-26,1667
2025-09-27,1667
2025-09-28,1667
2025-09-29,1669
2025-09-30,1670
2025-10-01,1672
2025-10-02,1673
2025-10-03,1673
2025-10-04,1675
2025-10-05,1676
2025-10-06,1675
2025-10-07,1676
2025-10-08,1675
2025-10-09,1676
2025-10-10,1676
2025-10-11,1677
2025-10-12,1676
2025-10-13,1678
2025-10-14,1679
2025-10-15,1680
2025-10-16,1681
2025-10-17,1682
2025-10-18,1681
2025-10-19,1681
2025-10-20,1681
2025-10-21,1684
2025-10-22,1683
2025-10-23,1683
2025-10-24,1682
2025-10-25,1682
2025-10-26,1683
2025-10-27,1682
2025-10-28,1681
2025-10-29,1683
2025-10-30,1684
2025-10-31,1682
2025-11-01,1682
2025-11-02,1680
2025-11-03,1681
2025-11-04,1684
2025-11-05,1684
2025-11-06,1682
2025-11-07,1681
2025-11-08,1681
2025-11-09,1683
2025-11-10,1680
2025-11-11,1680
2025-11-12,1682
2025-11-13,1684
2025-11-14,1682
2025-11-15,1684
2025-11-16,1682
2025-11-17,1681
2025-11-18,1680
2025-11-19,1680
2025-11-20,1680
2025-11-21,1680
2025-11-22,1679
2025-11-23,1678
2025-11-24,1679
2025-11-25,1678
2025-11-26,1677
2025-11-27,1679
2025-11-28,1680
2025-11-29,1681
2025-11-30,1680
2025-12-01,1679
2025-12-02,1677
2025-12-03,1676
2025-12-04,1674
2025-12-05,1674
2025-12-06,1674
2025-12-07,1672
2025-12-08,1671
2025-12-09,1668
2025-12-10,1668
2025-12-11,1666
2025-12-12,1665
2025-12-13,1665
2025-12-14,1663
2025-12-15,1662
2025-12-16,1661
2025-12-17,1660
2025-12-18,1659
2025-12-19,1659
2025-12-20,1657
2025-12-21,1657
2025-12-22,1654
2025-12-23,1652
2025-12-24,1650
2025-12-25,1649
2025-12-26,1647
2025-12-27,1646
2025-12-28,1642
2025-12-29,1640
2025-12-30,1636
2025-12-31,1636
