employee_id,source_csv_line,country_code,business_unit,hire_date,termination_date,quality_flags,twelve_month_anniversary,hire_year,status,career_level,career_level_original
ACP000011,12,IT,Supply Chain,2024-11-02,2025-12-08,,2025-11-02,2024,retained,Senior Leader,Senior Leader
ACP000012,13,IT,Supply Chain,2020-04-14,,,2021-04-14,2020,outside_objective_hire_period,Senior Leader,Senior Leader
ACP000014,15,IE,Finance,2021-01-31,,,2022-01-31,2021,retained,Senior Leader,Senior Leader
ACP000020,21,PL,Digital,2023-07-18,2024-01-09,,2024-07-18,2023,left_before_milestone,Senior Leader,Senior Leader
ACP000021,22,RO,Digital,2020-06-14,2020-07-11,,2021-06-14,2020,outside_objective_hire_period,Senior Leader,Senior Leader
ACP000028,29,BG,Sales,2022-02-03,,,2023-02-03,2022,retained,Senior Leader,Senior Leader
ACP000032,33,BG,Supply Chain,2025-06-18,,,2026-06-18,2025,pending_observation,Senior Leader,Senior Leader
ACP000035,36,GR,Digital,2023-12-13,,,2024-12-13,2023,retained,Senior Leader,Senior Leader
ACP000036,37,GR,Digital,2024-06-26,,,2025-06-26,2024,retained,Senior Leader,Senior Leader
ACP000050,51,PL,Supply Chain,2022-05-01,,,2023-05-01,2022,retained,Senior Leader,Senior Leader
ACP000059,60,IE,Finance,2023-02-24,,,2024-02-24,2023,retained,Senior Leader,Senior Leader
ACP000060,61,IE,Supply Chain,2025-03-12,,,2026-03-12,2025,pending_observation,Senior Leader,Senior Leader
ACP000065,66,PL,Digital,2021-03-04,,,2022-03-04,2021,retained,Senior Leader,Senior Leader
ACP000066,67,IT,Sales,2023-05-07,,,2024-05-07,2023,retained,Senior Leader,Senior Leader
ACP000069,70,PL,Finance,2023-11-22,2024-11-26,,2024-11-22,2023,retained,Senior Leader,Senior Leader
ACP000070,71,IE,Supply Chain,2023-04-28,2023-06-05,,2024-04-28,2023,left_before_milestone,Senior Leader,Senior Leader
ACP000071,72,IE,Supply Chain,2021-07-22,2023-06-09,,2022-07-22,2021,retained,Senior Leader,Senior Leader
ACP000073,74,GR,Sales,2023-01-26,,country_alias_mapped,2024-01-26,2023,retained,Senior Leader,Senior Leader
ACP000083,84,BG,Finance,2024-12-30,,,2025-12-30,2024,retained,Senior Leader,Senior Leader
ACP000093,94,GR,Sales,2021-07-02,2022-01-28,,2022-07-02,2021,left_before_milestone,Senior Leader,Senior Leader
ACP000102,103,PL,Sales,2021-11-21,,seniority_mapping_assumed,2022-11-21,2021,retained,Senior Leader,Sr Mgmt
ACP000104,105,BG,Sales,2021-10-25,,,2022-10-25,2021,retained,Senior Leader,Senior Leader
ACP000111,112,BG,Supply Chain,2022-09-21,,,2023-09-21,2022,retained,Senior Leader,Senior Leader
ACP000152,153,IE,Supply Chain,2025-04-21,,,2026-04-21,2025,pending_observation,Senior Leader,Senior Leader
ACP000158,159,BG,Finance,2021-01-08,,,2022-01-08,2021,retained,Senior Leader,Senior Leader
ACP000161,162,PL,Sales,2025-08-09,,,2026-08-09,2025,pending_observation,Senior Leader,Senior Leader
ACP000163,164,RO,Finance,2023-02-08,,,2024-02-08,2023,retained,Senior Leader,Senior Leader
ACP000164,165,BG,Digital,2021-09-18,2022-03-09,,2022-09-18,2021,left_before_milestone,Senior Leader,Senior Leader
ACP000167,168,IE,Supply Chain,2020-11-21,,,2021-11-21,2020,outside_objective_hire_period,Senior Leader,Senior Leader
ACP000184,185,BG,Finance,2022-09-08,,,2023-09-08,2022,retained,Senior Leader,Senior Leader
ACP000185,186,IE,Digital,2023-02-06,2023-12-20,,2024-02-06,2023,left_before_milestone,Senior Leader,Senior Leader
ACP000188,189,GR,Supply Chain,2022-08-15,,,2023-08-15,2022,retained,Senior Leader,Senior Leader
ACP000191,192,GR,Digital,2024-07-09,,,2025-07-09,2024,retained,Senior Leader,Senior Leader
ACP000197,198,GR,Supply Chain,2021-02-07,,,2022-02-07,2021,retained,Senior Leader,Senior Leader
ACP000219,220,PL,Sales,2023-11-18,,,2024-11-18,2023,retained,Senior Leader,Senior Leader
ACP000224,225,GR,Sales,2021-12-18,,,2022-12-18,2021,retained,Senior Leader,Senior Leader
ACP000225,226,GR,Finance,2022-01-06,,,2023-01-06,2022,retained,Senior Leader,Senior Leader
ACP000231,232,PL,Finance,2024-12-28,,,2025-12-28,2024,retained,Senior Leader,Senior Leader
ACP000233,234,IE,Sales,2024-03-06,,,2025-03-06,2024,retained,Senior Leader,Senior Leader
ACP000237,238,IE,Finance,2020-11-21,,,2021-11-21,2020,outside_objective_hire_period,Senior Leader,Senior Leader
ACP000239,240,PL,Supply Chain,2022-05-25,,,2023-05-25,2022,retained,Senior Leader,Senior Leader
ACP000248,249,RO,Finance,2023-02-20,2023-10-22,,2024-02-20,2023,left_before_milestone,Senior Leader,Senior Leader
ACP000261,262,IT,Digital,2023-11-26,,,2024-11-26,2023,retained,Senior Leader,Senior Leader
ACP000262,263,PL,Finance,2021-12-19,,,2022-12-19,2021,retained,Senior Leader,Senior Leader
ACP000264,265,BG,Supply Chain,2020-08-26,,,2021-08-26,2020,outside_objective_hire_period,Senior Leader,Senior Leader
ACP000272,273,RO,Finance,2024-12-22,,,2025-12-22,2024,retained,Senior Leader,Senior Leader
ACP000278,279,PL,Supply Chain,2021-05-25,,,2022-05-25,2021,retained,Senior Leader,Senior Leader
ACP000280,281,GR,Sales,2022-12-08,2024-12-25,,2023-12-08,2022,retained,Senior Leader,Senior Leader
ACP000293,294,BG,Sales,2021-09-18,,,2022-09-18,2021,retained,Senior Leader,Senior Leader
ACP000299,300,GR,Sales,2023-09-15,2024-12-07,,2024-09-15,2023,retained,Senior Leader,Senior Leader
ACP000301,302,RO,Sales,2025-07-20,,,2026-07-20,2025,pending_observation,Senior Leader,Senior Leader
ACP000310,311,PL,Supply Chain,2022-06-11,2025-07-19,,2023-06-11,2022,retained,Senior Leader,Senior Leader
ACP000311,312,GR,Sales,2023-11-15,2024-12-10,,2024-11-15,2023,retained,Senior Leader,Senior Leader
ACP000323,324,GR,Sales,2024-03-17,2024-06-29,,2025-03-17,2024,left_before_milestone,Senior Leader,Senior Leader
ACP000324,325,IT,Finance,2025-10-26,,,2026-10-26,2025,pending_observation,Senior Leader,Senior Leader
ACP000334,335,BG,Supply Chain,2024-05-26,,seniority_mapping_assumed,2025-05-26,2024,retained,Senior Leader,Sr Mgmt
ACP000342,343,BG,Supply Chain,2020-01-27,,,2021-01-27,2020,outside_objective_hire_period,Senior Leader,Senior Leader
ACP000349,350,PL,Finance,2024-12-04,,,2025-12-04,2024,retained,Senior Leader,Senior Leader
ACP000358,359,IE,Finance,2020-05-11,2023-01-18,,2021-05-11,2020,outside_objective_hire_period,Senior Leader,Senior Leader
ACP000359,360,IT,Digital,2022-01-08,2022-04-27,,2023-01-08,2022,left_before_milestone,Senior Leader,Senior Leader
ACP000366,367,BG,Supply Chain,2020-12-25,2025-09-11,,2021-12-25,2020,outside_objective_hire_period,Senior Leader,Senior Leader
ACP000370,371,RO,Sales,2020-06-24,2021-05-08,,2021-06-24,2020,outside_objective_hire_period,Senior Leader,Senior Leader
ACP000374,375,IT,Sales,2024-08-05,2025-08-26,,2025-08-05,2024,retained,Senior Leader,Senior Leader
ACP000378,379,PL,Finance,2023-11-16,,,2024-11-16,2023,retained,Senior Leader,Senior Leader
ACP000383,384,BG,Digital,2024-09-28,,,2025-09-28,2024,retained,Senior Leader,Senior Leader
ACP000390,391,GR,Digital,2020-08-14,2021-01-02,,2021-08-14,2020,outside_objective_hire_period,Senior Leader,Senior Leader
ACP000393,394,GR,Sales,2025-08-18,,,2026-08-18,2025,pending_observation,Senior Leader,Senior Leader
ACP000405,406,RO,Digital,2021-01-17,,country_alias_mapped,2022-01-17,2021,retained,Senior Leader,Senior Leader
ACP000407,408,RO,Supply Chain,2020-02-27,,,2021-02-27,2020,outside_objective_hire_period,Senior Leader,Senior Leader
ACP000409,410,RO,Sales,2022-02-25,,,2023-02-25,2022,retained,Senior Leader,Senior Leader
ACP000411,412,BG,Supply Chain,2024-02-19,2025-12-01,,2025-02-19,2024,retained,Senior Leader,Senior Leader
ACP000428,429,IT,Supply Chain,2024-06-09,2024-07-28,,2025-06-09,2024,left_before_milestone,Senior Leader,Senior Leader
ACP000430,431,IT,Supply Chain,2022-02-09,2022-12-20,,2023-02-09,2022,left_before_milestone,Senior Leader,Senior Leader
ACP000438,439,RO,Digital,2025-05-23,,,2026-05-23,2025,pending_observation,Senior Leader,Senior Leader
ACP000440,441,PL,Supply Chain,2023-12-29,,,2024-12-29,2023,retained,Senior Leader,Senior Leader
ACP000449,450,IT,Supply Chain,2025-04-14,,,2026-04-14,2025,pending_observation,Senior Leader,Senior Leader
ACP000456,457,BG,Digital,2021-09-21,,,2022-09-21,2021,retained,Senior Leader,Senior Leader
ACP000463,464,BG,Digital,2024-07-06,,,2025-07-06,2024,retained,Senior Leader,Senior Leader
ACP000464,465,RO,Finance,2022-06-12,2024-11-10,,2023-06-12,2022,retained,Senior Leader,Senior Leader
ACP000473,474,PL,Supply Chain,2023-11-06,,,2024-11-06,2023,retained,Senior Leader,Senior Leader
ACP000478,479,RO,Sales,2022-06-19,2022-08-25,,2023-06-19,2022,left_before_milestone,Senior Leader,Senior Leader
ACP000493,494,BG,Supply Chain,2025-05-31,,,2026-05-31,2025,pending_observation,Senior Leader,Senior Leader
ACP000503,504,PL,Finance,2022-08-28,2023-04-21,,2023-08-28,2022,left_before_milestone,Senior Leader,Senior Leader
ACP000504,505,IE,Finance,2024-05-24,2025-12-21,,2025-05-24,2024,retained,Senior Leader,Senior Leader
ACP000505,506,GR,Supply Chain,2023-08-21,,,2024-08-21,2023,retained,Senior Leader,Senior Leader
ACP000514,515,BG,Supply Chain,2024-09-26,2024-12-28,,2025-09-26,2024,left_before_milestone,Senior Leader,Senior Leader
ACP000515,516,GR,Sales,2020-11-11,,,2021-11-11,2020,outside_objective_hire_period,Senior Leader,Senior Leader
ACP000525,526,IE,Supply Chain,2024-03-14,2024-03-26,,2025-03-14,2024,left_before_milestone,Senior Leader,Senior Leader
ACP000526,527,GR,Sales,2023-07-22,,,2024-07-22,2023,retained,Senior Leader,Senior Leader
ACP000531,532,IT,Supply Chain,2022-12-29,,,2023-12-29,2022,retained,Senior Leader,Senior Leader
ACP000562,563,PL,Sales,2025-09-22,,,2026-09-22,2025,pending_observation,Senior Leader,Senior Leader
ACP000566,567,BG,Supply Chain,2021-04-07,,seniority_mapping_assumed,2022-04-07,2021,retained,Senior Leader,Sr Mgmt
ACP000576,577,PL,Supply Chain,2023-05-23,,,2024-05-23,2023,retained,Senior Leader,Senior Leader
ACP000581,582,IE,Finance,2025-04-17,2025-10-27,,2026-04-17,2025,pending_observation,Senior Leader,Senior Leader
ACP000585,586,GR,Supply Chain,2023-12-09,2024-03-24,,2024-12-09,2023,left_before_milestone,Senior Leader,Senior Leader
ACP000597,598,IT,Supply Chain,2025-01-12,,,2026-01-12,2025,pending_observation,Senior Leader,Senior Leader
ACP000598,599,IE,Finance,2023-08-16,2023-12-21,,2024-08-16,2023,left_before_milestone,Senior Leader,Senior Leader
ACP000614,615,PL,Supply Chain,2022-12-23,,,2023-12-23,2022,retained,Senior Leader,Senior Leader
ACP000621,622,GR,Supply Chain,2024-02-19,,,2025-02-19,2024,retained,Senior Leader,Senior Leader
ACP000623,624,IE,Finance,2025-09-05,2025-12-04,termination_type_unknown|regretted_classification_unknown,2026-09-05,2025,pending_observation,Senior Leader,Senior Leader
ACP000626,627,IE,Sales,2025-11-13,,,2026-11-13,2025,pending_observation,Senior Leader,Senior Leader
ACP000629,630,RO,Finance,2020-08-29,,,2021-08-29,2020,outside_objective_hire_period,Senior Leader,Senior Leader
ACP000631,632,IT,Finance,2022-09-18,,,2023-09-18,2022,retained,Senior Leader,Senior Leader
ACP000635,636,IT,Digital,2020-07-01,,,2021-07-01,2020,outside_objective_hire_period,Senior Leader,Senior Leader
ACP000644,645,RO,Finance,2022-09-24,2022-12-02,,2023-09-24,2022,left_before_milestone,Senior Leader,Senior Leader
ACP000660,661,PL,Finance,2020-10-26,,,2021-10-26,2020,outside_objective_hire_period,Senior Leader,Senior Leader
ACP000661,662,GR,Digital,2021-10-09,,,2022-10-09,2021,retained,Senior Leader,Senior Leader
ACP000689,690,IT,Supply Chain,2021-07-20,2021-08-31,,2022-07-20,2021,left_before_milestone,Senior Leader,Senior Leader
ACP000695,696,BG,Supply Chain,2023-03-10,,,2024-03-10,2023,retained,Senior Leader,Senior Leader
ACP000696,697,IE,Digital,2020-10-23,,,2021-10-23,2020,outside_objective_hire_period,Senior Leader,Senior Leader
ACP000702,703,RO,Sales,2024-08-24,,,2025-08-24,2024,retained,Senior Leader,Senior Leader
ACP000705,706,BG,Sales,2020-12-10,2021-06-25,,2021-12-10,2020,outside_objective_hire_period,Senior Leader,Senior Leader
ACP000730,731,IT,Supply Chain,2022-09-05,2025-06-29,,2023-09-05,2022,retained,Senior Leader,Senior Leader
ACP000733,734,RO,Finance,2020-06-19,,,2021-06-19,2020,outside_objective_hire_period,Senior Leader,Senior Leader
ACP000735,736,BG,Digital,2023-11-25,,,2024-11-25,2023,retained,Senior Leader,Senior Leader
ACP000740,741,IE,Supply Chain,2022-11-19,2025-06-19,,2023-11-19,2022,retained,Senior Leader,Senior Leader
ACP000744,745,IE,Digital,2025-10-28,,,2026-10-28,2025,pending_observation,Senior Leader,Senior Leader
ACP000745,746,GR,Digital,2021-01-10,2025-02-08,,2022-01-10,2021,retained,Senior Leader,Senior Leader
ACP000746,747,GR,Sales,2021-10-05,2022-01-29,,2022-10-05,2021,left_before_milestone,Senior Leader,Senior Leader
ACP000748,749,PL,Finance,2021-10-20,,,2022-10-20,2021,retained,Senior Leader,Senior Leader
ACP000756,757,IT,Supply Chain,2020-10-13,,,2021-10-13,2020,outside_objective_hire_period,Senior Leader,Senior Leader
ACP000759,760,IT,Finance,2020-10-24,2023-04-17,,2021-10-24,2020,outside_objective_hire_period,Senior Leader,Senior Leader
ACP000760,761,PL,Finance,2025-08-27,,,2026-08-27,2025,pending_observation,Senior Leader,Senior Leader
ACP000769,770,RO,Supply Chain,2024-09-11,2025-11-16,,2025-09-11,2024,retained,Senior Leader,Senior Leader
ACP000775,776,RO,Finance,2024-02-15,,,2025-02-15,2024,retained,Senior Leader,Senior Leader
ACP000790,791,BG,Supply Chain,2024-06-06,,,2025-06-06,2024,retained,Senior Leader,Senior Leader
ACP000791,792,BG,Supply Chain,2023-10-23,,,2024-10-23,2023,retained,Senior Leader,Senior Leader
ACP000792,793,IE,Finance,2022-09-25,,,2023-09-25,2022,retained,Senior Leader,Senior Leader
ACP000794,795,PL,Digital,2024-02-07,,,2025-02-07,2024,retained,Senior Leader,Senior Leader
ACP000798,799,IE,Supply Chain,2024-12-28,,seniority_mapping_assumed,2025-12-28,2024,retained,Senior Leader,Sr Mgmt
ACP000801,802,PL,Finance,2025-01-24,2025-04-24,termination_type_unknown|regretted_classification_unknown,2026-01-24,2025,pending_observation,Senior Leader,Senior Leader
ACP000810,811,IT,Sales,2024-08-02,,,2025-08-02,2024,retained,Senior Leader,Senior Leader
ACP000811,812,BG,Digital,2023-11-03,2025-07-26,,2024-11-03,2023,retained,Senior Leader,Senior Leader
ACP000825,826,PL,Finance,2023-12-14,2024-12-14,,2024-12-14,2023,retained,Senior Leader,Senior Leader
ACP000828,829,BG,Finance,2021-11-29,,,2022-11-29,2021,retained,Senior Leader,Senior Leader
ACP000842,843,BG,Finance,2025-05-15,2025-08-17,,2026-05-15,2025,pending_observation,Senior Leader,Senior Leader
ACP000846,847,IE,Supply Chain,2021-08-06,,,2022-08-06,2021,retained,Senior Leader,Senior Leader
ACP000849,850,RO,Sales,2025-04-28,,,2026-04-28,2025,pending_observation,Senior Leader,Senior Leader
ACP000864,865,,Finance,2020-02-03,2024-01-22,missing_or_unknown_country,2021-02-03,2020,outside_objective_hire_period,Senior Leader,Senior Leader
ACP000869,870,PL,Digital,2024-12-05,,,2025-12-05,2024,retained,Senior Leader,Senior Leader
ACP000874,875,IE,Supply Chain,2022-03-04,,,2023-03-04,2022,retained,Senior Leader,Senior Leader
ACP000875,876,IE,Sales,2025-05-13,,,2026-05-13,2025,pending_observation,Senior Leader,Senior Leader
ACP000898,899,PL,Sales,2020-04-25,2025-08-15,,2021-04-25,2020,outside_objective_hire_period,Senior Leader,Senior Leader
ACP000901,902,BG,Finance,2021-07-13,2022-01-14,,2022-07-13,2021,left_before_milestone,Senior Leader,Senior Leader
ACP000905,906,BG,Digital,2024-01-06,2025-06-03,,2025-01-06,2024,retained,Senior Leader,Senior Leader
ACP000910,911,RO,Finance,2022-08-31,2025-08-14,,2023-08-31,2022,retained,Senior Leader,Senior Leader
ACP000913,914,GR,Sales,2025-01-29,,,2026-01-29,2025,pending_observation,Senior Leader,Senior Leader
ACP000914,915,IT,Supply Chain,2021-02-01,,,2022-02-01,2021,retained,Senior Leader,Senior Leader
ACP000926,927,GR,Finance,2024-06-28,2024-08-16,,2025-06-28,2024,left_before_milestone,Senior Leader,Senior Leader
ACP000942,943,PL,Supply Chain,2021-07-14,,,2022-07-14,2021,retained,Senior Leader,Senior Leader
ACP000950,951,IE,Digital,2020-03-25,,,2021-03-25,2020,outside_objective_hire_period,Senior Leader,Senior Leader
ACP000951,952,IT,Sales,2023-03-02,,,2024-03-02,2023,retained,Senior Leader,Senior Leader
ACP000952,953,PL,Supply Chain,2024-11-12,2025-01-19,,2025-11-12,2024,left_before_milestone,Senior Leader,Senior Leader
ACP000953,954,BG,Finance,2022-11-22,,,2023-11-22,2022,retained,Senior Leader,Senior Leader
ACP000955,956,RO,Digital,2025-02-16,,,2026-02-16,2025,pending_observation,Senior Leader,Senior Leader
ACP000956,957,IE,Sales,2021-11-15,2022-11-23,,2022-11-15,2021,retained,Senior Leader,Senior Leader
ACP000959,960,RO,Finance,2020-04-10,,,2021-04-10,2020,outside_objective_hire_period,Senior Leader,Senior Leader
ACP000961,962,BG,Finance,,,missing_hire_date,,unknown,excluded_invalid_dates,Senior Leader,Senior Leader
ACP000966,967,BG,Finance,2021-07-19,,,2022-07-19,2021,retained,Senior Leader,Senior Leader
ACP000972,973,PL,Finance,2024-06-06,,,2025-06-06,2024,retained,Senior Leader,Senior Leader
ACP000976,977,IT,Sales,2020-10-29,,,2021-10-29,2020,outside_objective_hire_period,Senior Leader,Senior Leader
ACP000977,978,IE,Sales,2023-06-04,,,2024-06-04,2023,retained,Senior Leader,Senior Leader
ACP000982,983,PL,Digital,2025-02-25,,,2026-02-25,2025,pending_observation,Senior Leader,Senior Leader
ACP001001,1002,PL,Digital,2020-05-02,2021-02-15,,2021-05-02,2020,outside_objective_hire_period,Senior Leader,Senior Leader
ACP001012,1013,BG,Digital,2023-09-25,2023-12-05,,2024-09-25,2023,left_before_milestone,Senior Leader,Senior Leader
ACP001021,1022,IE,Finance,2020-09-19,,,2021-09-19,2020,outside_objective_hire_period,Senior Leader,Senior Leader
ACP001025,1026,IE,Sales,2024-12-10,2024-12-29,,2025-12-10,2024,left_before_milestone,Senior Leader,Senior Leader
ACP001030,1031,IT,Finance,2020-10-16,,seniority_mapping_assumed,2021-10-16,2020,outside_objective_hire_period,Senior Leader,Sr Mgmt
ACP001034,1035,PL,Supply Chain,2023-08-31,,,2024-08-31,2023,retained,Senior Leader,Senior Leader
ACP001048,1049,RO,Finance,2020-05-18,2020-10-25,,2021-05-18,2020,outside_objective_hire_period,Senior Leader,Senior Leader
ACP001049,1050,RO,Digital,2024-01-15,,,2025-01-15,2024,retained,Senior Leader,Senior Leader
ACP001056,1057,BG,Supply Chain,2024-02-22,,,2025-02-22,2024,retained,Senior Leader,Senior Leader
ACP001066,1067,RO,Supply Chain,2023-03-01,,,2024-03-01,2023,retained,Senior Leader,Senior Leader
ACP001068,1069,IE,Supply Chain,2021-09-11,2022-01-02,regretted_classification_unknown,2022-09-11,2021,left_before_milestone,Senior Leader,Senior Leader
ACP001073,1074,BG,Digital,2022-07-18,2022-12-10,,2023-07-18,2022,left_before_milestone,Senior Leader,Senior Leader
ACP001076,1077,GR,Sales,2025-04-22,,,2026-04-22,2025,pending_observation,Senior Leader,Senior Leader
ACP001080,1081,GR,Supply Chain,2021-08-25,2022-02-06,,2022-08-25,2021,left_before_milestone,Senior Leader,Senior Leader
ACP001102,1103,IE,Sales,2020-06-23,2022-10-10,,2021-06-23,2020,outside_objective_hire_period,Senior Leader,Senior Leader
ACP001103,1104,PL,Digital,2024-06-26,2025-12-06,,2025-06-26,2024,retained,Senior Leader,Senior Leader
ACP001111,1112,IT,Sales,2020-05-10,,,2021-05-10,2020,outside_objective_hire_period,Senior Leader,Senior Leader
ACP001120,1121,IT,Supply Chain,2022-02-15,,,2023-02-15,2022,retained,Senior Leader,Senior Leader
ACP001124,1125,BG,Finance,2025-06-28,,,2026-06-28,2025,pending_observation,Senior Leader,Senior Leader
ACP001129,1130,GR,Finance,2023-02-02,2024-11-06,,2024-02-02,2023,retained,Senior Leader,Senior Leader
ACP001133,1134,IT,Digital,2021-12-04,,,2022-12-04,2021,retained,Senior Leader,Senior Leader
ACP001139,1140,IE,Finance,2022-12-13,2025-04-01,,2023-12-13,2022,retained,Senior Leader,Senior Leader
ACP001144,1145,RO,Sales,2020-08-09,,,2021-08-09,2020,outside_objective_hire_period,Senior Leader,Senior Leader
ACP001147,1148,RO,Supply Chain,2021-02-28,2021-08-25,,2022-02-28,2021,left_before_milestone,Senior Leader,Senior Leader
ACP001155,1156,IT,Supply Chain,2023-04-04,2025-01-11,,2024-04-04,2023,retained,Senior Leader,Senior Leader
ACP001157,1158,BG,Finance,2020-04-09,2020-07-08,termination_type_unknown|regretted_classification_unknown,2021-04-09,2020,outside_objective_hire_period,Senior Leader,Senior Leader
ACP001168,1169,PL,Supply Chain,2023-05-10,,,2024-05-10,2023,retained,Senior Leader,Senior Leader
ACP001177,1178,BG,Supply Chain,2025-04-06,,,2026-04-06,2025,pending_observation,Senior Leader,Senior Leader
ACP001179,1180,BG,Digital,2023-10-16,2024-01-24,,2024-10-16,2023,left_before_milestone,Senior Leader,Senior Leader
ACP001185,1186,BG,Supply Chain,2021-10-09,2021-10-23,,2022-10-09,2021,left_before_milestone,Senior Leader,Senior Leader
ACP001187,1188,IT,Sales,2021-10-04,,,2022-10-04,2021,retained,Senior Leader,Senior Leader
ACP001193,1194,BG,Digital,2024-07-05,,,2025-07-05,2024,retained,Senior Leader,Senior Leader
ACP001209,1210,IT,Finance,2023-11-14,2025-06-12,,2024-11-14,2023,retained,Senior Leader,Senior Leader
ACP001220,1221,RO,Sales,2020-04-09,2025-05-11,,2021-04-09,2020,outside_objective_hire_period,Senior Leader,Senior Leader
ACP001225,1226,IT,Digital,2022-06-10,,,2023-06-10,2022,retained,Senior Leader,Senior Leader
ACP001228,1229,GR,Digital,2024-01-23,,,2025-01-23,2024,retained,Senior Leader,Senior Leader
ACP001235,1236,IT,Supply Chain,2022-12-14,,,2023-12-14,2022,retained,Senior Leader,Senior Leader
ACP001237,1238,PL,Digital,2024-05-07,,,2025-05-07,2024,retained,Senior Leader,Senior Leader
ACP001240,1241,RO,Finance,2024-06-13,2025-09-22,,2025-06-13,2024,retained,Senior Leader,Senior Leader
ACP001262,1263,IT,Supply Chain,2020-12-19,,seniority_mapping_assumed,2021-12-19,2020,outside_objective_hire_period,Senior Leader,Sr Mgmt
ACP001274,1275,GR,Sales,2021-03-26,,,2022-03-26,2021,retained,Senior Leader,Senior Leader
ACP001277,1278,PL,Finance,2025-08-11,,,2026-08-11,2025,pending_observation,Senior Leader,Senior Leader
ACP001278,1279,GR,Digital,2021-10-19,,,2022-10-19,2021,retained,Senior Leader,Senior Leader
ACP001283,1284,PL,Finance,2022-10-11,2023-09-08,,2023-10-11,2022,left_before_milestone,Senior Leader,Senior Leader
ACP001287,1288,PL,Supply Chain,2023-04-27,,,2024-04-27,2023,retained,Senior Leader,Senior Leader
ACP001294,1295,BG,Sales,2023-12-25,,,2024-12-25,2023,retained,Senior Leader,Senior Leader
ACP001298,1299,IE,Digital,2025-10-30,,,2026-10-30,2025,pending_observation,Senior Leader,Senior Leader
ACP001313,1314,IE,Supply Chain,2022-05-01,,,2023-05-01,2022,retained,Senior Leader,Senior Leader
ACP001314,1315,IE,Sales,2025-04-30,,,2026-04-30,2025,pending_observation,Senior Leader,Senior Leader
ACP001316,1317,PL,Digital,2022-05-03,,,2023-05-03,2022,retained,Senior Leader,Senior Leader
ACP001319,1320,GR,Supply Chain,2025-07-27,2025-10-23,,2026-07-27,2025,pending_observation,Senior Leader,Senior Leader
ACP001329,1330,IT,Supply Chain,2022-03-14,,,2023-03-14,2022,retained,Senior Leader,Senior Leader
ACP001332,1333,BG,Finance,2022-07-09,2023-04-27,,2023-07-09,2022,left_before_milestone,Senior Leader,Senior Leader
ACP001338,1339,PL,Digital,2025-07-23,,,2026-07-23,2025,pending_observation,Senior Leader,Senior Leader
ACP001343,1344,PL,Sales,2020-01-20,,,2021-01-20,2020,outside_objective_hire_period,Senior Leader,Senior Leader
ACP001347,1348,GR,Digital,2024-01-09,,,2025-01-09,2024,retained,Senior Leader,Senior Leader
ACP001353,1354,BG,Sales,2022-09-22,2022-12-09,,2023-09-22,2022,left_before_milestone,Senior Leader,Senior Leader
ACP001354,1355,IE,Supply Chain,2022-06-11,,,2023-06-11,2022,retained,Senior Leader,Senior Leader
ACP001360,1361,,Digital,2025-11-05,,missing_or_unknown_country,2026-11-05,2025,pending_observation,Senior Leader,Senior Leader
ACP001366,1367,BG,Supply Chain,2021-08-18,2023-04-13,,2022-08-18,2021,retained,Senior Leader,Senior Leader
ACP001378,1379,BG,Digital,2023-05-30,2025-05-25,,2024-05-30,2023,retained,Senior Leader,Senior Leader
ACP001385,1386,BG,Sales,2025-08-15,,,2026-08-15,2025,pending_observation,Senior Leader,Senior Leader
ACP001387,1388,RO,Finance,2020-12-11,,,2021-12-11,2020,outside_objective_hire_period,Senior Leader,Senior Leader
ACP001391,1392,PL,Sales,2023-09-15,,,2024-09-15,2023,retained,Senior Leader,Senior Leader
ACP001400,1401,RO,Finance,2020-02-20,2020-10-12,,2021-02-20,2020,outside_objective_hire_period,Senior Leader,Senior Leader
ACP001420,1421,RO,Sales,2020-10-15,,,2021-10-15,2020,outside_objective_hire_period,Senior Leader,Senior Leader
ACP001432,1433,GR,Digital,2020-05-20,,,2021-05-20,2020,outside_objective_hire_period,Senior Leader,Senior Leader
ACP001438,1439,IE,Finance,2023-12-02,,,2024-12-02,2023,retained,Senior Leader,Senior Leader
ACP001441,1442,GR,Supply Chain,2021-05-17,2025-06-06,,2022-05-17,2021,retained,Senior Leader,Senior Leader
ACP001445,1446,PL,Supply Chain,2020-01-31,,,2021-01-31,2020,outside_objective_hire_period,Senior Leader,Senior Leader
ACP001449,1450,IT,Sales,2020-11-09,,,2021-11-09,2020,outside_objective_hire_period,Senior Leader,Senior Leader
ACP001453,1454,RO,Finance,2023-08-31,,,2024-08-31,2023,retained,Senior Leader,Senior Leader
ACP001459,1460,RO,Supply Chain,2024-05-27,,,2025-05-27,2024,retained,Senior Leader,Senior Leader
ACP001461,1462,IT,Sales,2023-04-27,,,2024-04-27,2023,retained,Senior Leader,Senior Leader
ACP001466,1467,IE,Supply Chain,2022-09-01,,,2023-09-01,2022,retained,Senior Leader,Senior Leader
ACP001467,1468,PL,Digital,2024-05-30,,,2025-05-30,2024,retained,Senior Leader,Senior Leader
ACP001473,1474,IT,Digital,2024-06-28,,,2025-06-28,2024,retained,Senior Leader,Senior Leader
ACP001475,1476,IE,Sales,2022-06-07,,,2023-06-07,2022,retained,Senior Leader,Senior Leader
ACP001481,1482,IT,Digital,2020-11-19,2021-05-12,,2021-11-19,2020,outside_objective_hire_period,Senior Leader,Senior Leader
ACP001488,1489,RO,Finance,2023-09-09,,,2024-09-09,2023,retained,Senior Leader,Senior Leader
ACP001489,1490,IE,Supply Chain,2024-03-01,,,2025-03-01,2024,retained,Senior Leader,Senior Leader
ACP001494,1495,IT,Sales,2023-08-16,2024-06-04,seniority_mapping_assumed,2024-08-16,2023,left_before_milestone,Senior Leader,Sr Mgmt
ACP001502,1503,GR,Finance,2023-10-13,,,2024-10-13,2023,retained,Senior Leader,Senior Leader
ACP001503,1504,RO,Sales,2022-09-28,,,2023-09-28,2022,retained,Senior Leader,Senior Leader
ACP001504,1505,BG,Digital,2022-04-12,2022-07-20,,2023-04-12,2022,left_before_milestone,Senior Leader,Senior Leader
ACP001505,1506,RO,Supply Chain,2024-10-03,,,2025-10-03,2024,retained,Senior Leader,Senior Leader
ACP001519,1520,RO,Digital,2023-04-22,,,2024-04-22,2023,retained,Senior Leader,Senior Leader
ACP001529,1530,IT,Supply Chain,2024-03-27,2025-01-06,,2025-03-27,2024,left_before_milestone,Senior Leader,Senior Leader
ACP001549,1550,PL,Supply Chain,2022-07-30,,,2023-07-30,2022,retained,Senior Leader,Senior Leader
ACP001554,1555,PL,Supply Chain,2022-08-24,2023-02-14,,2023-08-24,2022,left_before_milestone,Senior Leader,Senior Leader
ACP001558,1559,IT,Supply Chain,2023-02-02,2024-11-03,,2024-02-02,2023,retained,Senior Leader,Senior Leader
ACP001573,1574,IT,Supply Chain,2025-05-22,,,2026-05-22,2025,pending_observation,Senior Leader,Senior Leader
ACP001577,1578,PL,Supply Chain,2025-08-01,,,2026-08-01,2025,pending_observation,Senior Leader,Senior Leader
ACP001578,1579,PL,Finance,2022-05-14,,,2023-05-14,2022,retained,Senior Leader,Senior Leader
ACP001579,1580,BG,Supply Chain,2025-10-20,,,2026-10-20,2025,pending_observation,Senior Leader,Senior Leader
ACP001588,1589,BG,Finance,2022-03-13,,,2023-03-13,2022,retained,Senior Leader,Senior Leader
ACP001592,1593,IE,Finance,2021-01-14,,,2022-01-14,2021,retained,Senior Leader,Senior Leader
ACP001594,1595,GR,Supply Chain,2022-05-19,,,2023-05-19,2022,retained,Senior Leader,Senior Leader
ACP001620,1621,GR,Sales,2021-06-02,,,2022-06-02,2021,retained,Senior Leader,Senior Leader
ACP001624,1625,PL,Finance,2025-08-20,,,2026-08-20,2025,pending_observation,Senior Leader,Senior Leader
ACP001625,1626,IT,Digital,2023-10-05,2024-02-22,,2024-10-05,2023,left_before_milestone,Senior Leader,Senior Leader
ACP001631,1632,RO,Supply Chain,2023-04-03,,,2024-04-03,2023,retained,Senior Leader,Senior Leader
ACP001640,1641,IT,Sales,2023-03-23,,,2024-03-23,2023,retained,Senior Leader,Senior Leader
ACP001645,1646,RO,Sales,2021-12-07,,,2022-12-07,2021,retained,Senior Leader,Senior Leader
ACP001651,1652,PL,Finance,2023-08-26,,,2024-08-26,2023,retained,Senior Leader,Senior Leader
ACP001654,1655,GR,Sales,2025-09-01,,,2026-09-01,2025,pending_observation,Senior Leader,Senior Leader
ACP001657,1658,IE,Supply Chain,2024-05-06,,,2025-05-06,2024,retained,Senior Leader,Senior Leader
ACP001659,1660,PL,Finance,2020-04-28,,,2021-04-28,2020,outside_objective_hire_period,Senior Leader,Senior Leader
ACP001660,1661,GR,Supply Chain,2022-05-10,,,2023-05-10,2022,retained,Senior Leader,Senior Leader
ACP001663,1664,GR,Finance,2020-10-08,,,2021-10-08,2020,outside_objective_hire_period,Senior Leader,Senior Leader
ACP001667,1668,GR,Finance,2021-05-08,2021-07-26,,2022-05-08,2021,left_before_milestone,Senior Leader,Senior Leader
ACP001671,1672,IE,Digital,2020-07-29,2020-12-20,,2021-07-29,2020,outside_objective_hire_period,Senior Leader,Senior Leader
ACP001672,1673,GR,Supply Chain,2021-02-05,,,2022-02-05,2021,retained,Senior Leader,Senior Leader
ACP001680,1681,RO,Sales,2020-11-20,2024-07-18,,2021-11-20,2020,outside_objective_hire_period,Senior Leader,Senior Leader
ACP001682,1683,BG,Sales,2023-02-12,,,2024-02-12,2023,retained,Senior Leader,Senior Leader
ACP001689,1690,GR,Sales,2021-11-15,2022-05-27,,2022-11-15,2021,left_before_milestone,Senior Leader,Senior Leader
ACP001695,1696,IT,Digital,2020-09-09,,,2021-09-09,2020,outside_objective_hire_period,Senior Leader,Senior Leader
ACP001697,1698,BG,Sales,2022-04-27,2023-03-20,,2023-04-27,2022,left_before_milestone,Senior Leader,Senior Leader
ACP001699,1700,IT,Sales,2020-03-07,2023-12-21,,2021-03-07,2020,outside_objective_hire_period,Senior Leader,Senior Leader
ACP001701,1702,IE,Supply Chain,2020-05-21,2022-10-11,,2021-05-21,2020,outside_objective_hire_period,Senior Leader,Senior Leader
ACP001704,1705,PL,Supply Chain,2021-09-24,,,2022-09-24,2021,retained,Senior Leader,Senior Leader
ACP001710,1711,GR,Finance,2024-04-18,,,2025-04-18,2024,retained,Senior Leader,Senior Leader
ACP001714,1715,IT,Finance,2023-11-01,,,2024-11-01,2023,retained,Senior Leader,Senior Leader
ACP001715,1716,BG,Digital,2020-05-30,,,2021-05-30,2020,outside_objective_hire_period,Senior Leader,Senior Leader
ACP001723,1724,IE,Digital,2020-06-03,,,2021-06-03,2020,outside_objective_hire_period,Senior Leader,Senior Leader
ACP001725,1726,BG,Digital,2022-12-15,,,2023-12-15,2022,retained,Senior Leader,Senior Leader
ACP001726,1727,GR,Digital,2021-06-27,2023-05-21,seniority_mapping_assumed,2022-06-27,2021,retained,Senior Leader,Sr Mgmt
ACP001742,1743,GR,Finance,2022-05-28,,,2023-05-28,2022,retained,Senior Leader,Senior Leader
ACP001746,1747,GR,Supply Chain,2021-07-31,2021-12-29,,2022-07-31,2021,left_before_milestone,Senior Leader,Senior Leader
ACP001757,1758,IE,Sales,2022-01-29,,,2023-01-29,2022,retained,Senior Leader,Senior Leader
ACP001758,1759,IE,Supply Chain,2023-04-06,2023-07-13,,2024-04-06,2023,left_before_milestone,Senior Leader,Senior Leader
ACP001763,1764,IT,Supply Chain,,,missing_hire_date,,unknown,excluded_invalid_dates,Senior Leader,Senior Leader
ACP001773,1774,RO,Supply Chain,2020-08-02,2023-06-21,,2021-08-02,2020,outside_objective_hire_period,Senior Leader,Senior Leader
ACP001780,1781,RO,Sales,2022-01-21,2023-09-05,,2023-01-21,2022,retained,Senior Leader,Senior Leader
ACP001797,1798,BG,Supply Chain,2023-05-28,,,2024-05-28,2023,retained,Senior Leader,Senior Leader
ACP001805,1806,RO,Finance,2022-03-12,2022-04-29,,2023-03-12,2022,left_before_milestone,Senior Leader,Senior Leader
ACP001808,1809,GR,Digital,2022-07-08,,,2023-07-08,2022,retained,Senior Leader,Senior Leader
ACP001812,1813,IT,Digital,2021-09-11,2022-08-25,,2022-09-11,2021,left_before_milestone,Senior Leader,Senior Leader
ACP001839,1840,PL,Supply Chain,2021-10-19,,,2022-10-19,2021,retained,Senior Leader,Senior Leader
ACP001841,1842,IE,Digital,2021-09-22,,,2022-09-22,2021,retained,Senior Leader,Senior Leader
ACP001848,1849,RO,Digital,2023-07-31,,,2024-07-31,2023,retained,Senior Leader,Senior Leader
ACP001851,1852,GR,Digital,2024-03-26,,,2025-03-26,2024,retained,Senior Leader,Senior Leader
ACP001890,1891,PL,Supply Chain,2024-10-27,,,2025-10-27,2024,retained,Senior Leader,Senior Leader
ACP001894,1895,PL,Finance,2020-05-12,2021-01-29,,2021-05-12,2020,outside_objective_hire_period,Senior Leader,Senior Leader
ACP001903,1904,BG,Supply Chain,2021-09-18,,,2022-09-18,2021,retained,Senior Leader,Senior Leader
ACP001906,1907,GR,Supply Chain,2022-05-08,,,2023-05-08,2022,retained,Senior Leader,Senior Leader
ACP001911,1912,GR,Finance,2020-07-05,,,2021-07-05,2020,outside_objective_hire_period,Senior Leader,Senior Leader
ACP001912,1913,GR,Digital,2021-10-05,2022-01-04,,2022-10-05,2021,left_before_milestone,Senior Leader,Senior Leader
ACP001919,1920,IT,Finance,2025-04-17,,,2026-04-17,2025,pending_observation,Senior Leader,Senior Leader
ACP001922,1923,BG,Sales,2021-11-09,2022-03-27,,2022-11-09,2021,left_before_milestone,Senior Leader,Senior Leader
ACP001925,1926,IT,Digital,2024-04-27,,,2025-04-27,2024,retained,Senior Leader,Senior Leader
ACP001927,1928,IT,Digital,2022-03-03,,,2023-03-03,2022,retained,Senior Leader,Senior Leader
ACP001934,1935,RO,Sales,2024-11-14,2024-12-30,,2025-11-14,2024,left_before_milestone,Senior Leader,Senior Leader
ACP001940,1941,PL,Finance,2021-11-23,2022-08-18,,2022-11-23,2021,left_before_milestone,Senior Leader,Senior Leader
ACP001954,1955,IE,Digital,2022-04-22,2023-06-23,,2023-04-22,2022,retained,Senior Leader,Senior Leader
ACP001956,1957,BG,Finance,2025-05-06,,,2026-05-06,2025,pending_observation,Senior Leader,Senior Leader
ACP001958,1959,BG,Sales,2020-10-14,,seniority_mapping_assumed,2021-10-14,2020,outside_objective_hire_period,Senior Leader,Sr Mgmt
ACP001965,1966,BG,Supply Chain,2024-02-25,2024-05-11,,2025-02-25,2024,left_before_milestone,Senior Leader,Senior Leader
ACP001982,1983,GR,Supply Chain,2022-08-01,,,2023-08-01,2022,retained,Senior Leader,Senior Leader
ACP001989,1990,RO,Finance,2022-10-13,2023-06-25,,2023-10-13,2022,left_before_milestone,Senior Leader,Senior Leader
ACP001991,1992,PL,Supply Chain,2023-03-08,2023-05-04,,2024-03-08,2023,left_before_milestone,Senior Leader,Senior Leader
ACP001994,1995,IE,Supply Chain,2020-07-31,,,2021-07-31,2020,outside_objective_hire_period,Senior Leader,Senior Leader
ACP002015,2016,BG,Digital,2020-11-12,,,2021-11-12,2020,outside_objective_hire_period,Senior Leader,Senior Leader
ACP002017,2018,PL,Finance,2020-07-25,,,2021-07-25,2020,outside_objective_hire_period,Senior Leader,Senior Leader
ACP002025,2026,RO,Digital,2021-11-04,2025-10-30,,2022-11-04,2021,retained,Senior Leader,Senior Leader
ACP002037,2038,RO,Sales,2021-08-26,,,2022-08-26,2021,retained,Senior Leader,Senior Leader
ACP002039,2040,IT,Digital,2021-10-08,,,2022-10-08,2021,retained,Senior Leader,Senior Leader
ACP002043,2044,GR,Sales,2021-10-04,,,2022-10-04,2021,retained,Senior Leader,Senior Leader
ACP002046,2047,IE,Sales,2024-08-15,2025-11-28,,2025-08-15,2024,retained,Senior Leader,Senior Leader
ACP002065,2066,GR,Finance,2023-10-22,,country_alias_mapped,2024-10-22,2023,retained,Senior Leader,Senior Leader
ACP002075,2076,GR,Supply Chain,2025-08-26,2025-11-06,,2026-08-26,2025,pending_observation,Senior Leader,Senior Leader
ACP002082,2083,PL,Finance,2022-08-20,2023-06-11,,2023-08-20,2022,left_before_milestone,Senior Leader,Senior Leader
ACP002088,2089,IT,Supply Chain,2021-01-09,2024-03-01,,2022-01-09,2021,retained,Senior Leader,Senior Leader
ACP002108,2109,RO,Digital,2024-07-23,,,2025-07-23,2024,retained,Senior Leader,Senior Leader
ACP002112,2113,IT,Finance,2024-09-11,,,2025-09-11,2024,retained,Senior Leader,Senior Leader
ACP002120,2121,PL,Finance,2024-10-01,2025-09-21,,2025-10-01,2024,left_before_milestone,Senior Leader,Senior Leader
ACP002134,2135,GR,Supply Chain,2022-04-04,,,2023-04-04,2022,retained,Senior Leader,Senior Leader
ACP002158,2159,IE,Finance,2023-01-31,,,2024-01-31,2023,retained,Senior Leader,Senior Leader
ACP002160,2161,GR,Digital,2022-10-14,,,2023-10-14,2022,retained,Senior Leader,Senior Leader
ACP002163,2164,IT,Supply Chain,2021-09-06,,,2022-09-06,2021,retained,Senior Leader,Senior Leader
ACP002164,2165,BG,Digital,2022-09-24,,,2023-09-24,2022,retained,Senior Leader,Senior Leader
ACP002165,2166,BG,Sales,2021-07-01,,,2022-07-01,2021,retained,Senior Leader,Senior Leader
ACP002170,2171,IE,Digital,2021-02-23,,,2022-02-23,2021,retained,Senior Leader,Senior Leader
ACP002187,2188,BG,Supply Chain,2024-11-01,,,2025-11-01,2024,retained,Senior Leader,Senior Leader
ACP002190,2191,BG,Supply Chain,2022-04-25,,seniority_mapping_assumed,2023-04-25,2022,retained,Senior Leader,Sr Mgmt
ACP002191,2192,IT,Digital,2020-08-08,,,2021-08-08,2020,outside_objective_hire_period,Senior Leader,Senior Leader
ACP002202,2203,GR,Finance,2025-02-17,2025-07-30,,2026-02-17,2025,pending_observation,Senior Leader,Senior Leader
ACP002217,2218,BG,Finance,2022-01-25,,,2023-01-25,2022,retained,Senior Leader,Senior Leader
ACP002223,2224,BG,Supply Chain,2022-02-04,,,2023-02-04,2022,retained,Senior Leader,Senior Leader
ACP002227,2228,IT,Digital,2024-04-14,2025-04-15,,2025-04-14,2024,retained,Senior Leader,Senior Leader
ACP002228,2229,IT,Digital,2023-07-04,,,2024-07-04,2023,retained,Senior Leader,Senior Leader
ACP002229,2230,PL,Supply Chain,2021-12-06,2022-01-08,,2022-12-06,2021,left_before_milestone,Senior Leader,Senior Leader
ACP002233,2234,PL,Finance,2020-10-29,,,2021-10-29,2020,outside_objective_hire_period,Senior Leader,Senior Leader
ACP002239,2240,GR,Sales,2023-09-28,,,2024-09-28,2023,retained,Senior Leader,Senior Leader
ACP002248,2249,BG,Finance,2025-03-24,,,2026-03-24,2025,pending_observation,Senior Leader,Senior Leader
ACP002249,2250,GR,Sales,2021-05-26,,,2022-05-26,2021,retained,Senior Leader,Senior Leader
ACP002251,2252,GR,Finance,2025-07-29,,,2026-07-29,2025,pending_observation,Senior Leader,Senior Leader
ACP002254,2255,BG,Sales,2021-01-05,,,2022-01-05,2021,retained,Senior Leader,Senior Leader
ACP002279,2280,PL,Supply Chain,2025-11-28,,,2026-11-28,2025,pending_observation,Senior Leader,Senior Leader
ACP002290,2291,GR,Digital,2025-09-05,,,2026-09-05,2025,pending_observation,Senior Leader,Senior Leader
ACP002291,2292,IE,Sales,2022-12-09,2024-03-22,,2023-12-09,2022,retained,Senior Leader,Senior Leader
ACP002294,2295,IT,Sales,2024-06-12,,,2025-06-12,2024,retained,Senior Leader,Senior Leader
ACP002297,2298,BG,Sales,2023-06-03,2023-09-10,,2024-06-03,2023,left_before_milestone,Senior Leader,Senior Leader
ACP002305,2306,GR,Finance,2022-04-24,,,2023-04-24,2022,retained,Senior Leader,Senior Leader
ACP002308,2309,GR,Sales,2024-06-04,2025-02-10,,2025-06-04,2024,left_before_milestone,Senior Leader,Senior Leader
ACP002313,2314,RO,Supply Chain,2022-10-31,,,2023-10-31,2022,retained,Senior Leader,Senior Leader
ACP002319,2320,IT,Finance,2022-08-10,,,2023-08-10,2022,retained,Senior Leader,Senior Leader
ACP002325,2326,GR,Supply Chain,2023-06-15,,,2024-06-15,2023,retained,Senior Leader,Senior Leader
ACP002326,2327,GR,Digital,2024-10-20,,,2025-10-20,2024,retained,Senior Leader,Senior Leader
ACP002327,2328,RO,Supply Chain,2023-01-21,,,2024-01-21,2023,retained,Senior Leader,Senior Leader
ACP002354,2355,GR,Finance,2023-06-24,,,2024-06-24,2023,retained,Senior Leader,Senior Leader
ACP002356,2357,RO,Digital,2022-01-26,,,2023-01-26,2022,retained,Senior Leader,Senior Leader
ACP002363,2364,IT,Sales,2024-06-19,,,2025-06-19,2024,retained,Senior Leader,Senior Leader
ACP002369,2370,RO,Sales,2025-07-06,,,2026-07-06,2025,pending_observation,Senior Leader,Senior Leader
ACP002382,2383,IE,Supply Chain,2020-02-14,2021-01-16,,2021-02-14,2020,outside_objective_hire_period,Senior Leader,Senior Leader
ACP002384,2385,GR,Supply Chain,2025-06-27,,,2026-06-27,2025,pending_observation,Senior Leader,Senior Leader
ACP002396,2397,RO,Supply Chain,2020-11-22,,,2021-11-22,2020,outside_objective_hire_period,Senior Leader,Senior Leader
